Name,Twitter_username,Political_party
A. Donald McEachin,RepMcEachin,Democratic Party
Aaron Michlewitz,RepMichlewitz,Democratic Party
Aaron Peskin,AaronPeskin,Democratic Party
Abby Finkenauer,Abby4Iowa,Democratic Party
Abigail Spanberger,SpanbergerVA07,Democratic Party
Abigail Spanberger,RepSpanberger,Democratic Party
Adam Schiff,RepAdamSchiff,Democratic Party
Adam Smith,RepAdamSmith,Democratic Party
Adam Zemke,adamzemke,Democratic Party
Adlai Stevenson III,AdlaiEStevenson,Democratic Party
Adrian Fenty,adrianfenty,Democratic Party
Adriano Espaillat,RepEspaillat,Democratic Party
Aftab Pureval,aftabpureval,Democratic Party
Aja Brown,AjaLBrown,Democratic Party
Al Gore,algore,Democratic Party
Al Green,RepAlGreen,Democratic Party
Al Sharpton,TheRevAl,Democratic Party
Alan Grayson,AlanGrayson,Democratic Party
Alan Lowenthal,replowenthal,Democratic Party
Alcee Hastings,rephastingsfl,Democratic Party
Alex B. Morse,AlexBMorse,Democratic Party
Alex Padilla,alexpadilla4ca,Democratic Party
Alexandria Ocasio-Cortez,AOC,Democratic Party
Alfonso H. Lopez,Lopez4VA,Democratic Party
"Alfred Lawson, Jr.",RepAlLawsonJr,Democratic Party
Alisha Thomas Morgan,AlishaMorgan,Democratic Party
Alison Lundergan Grimes,AlisonForKY,Democratic Party
Alma Adams,RepAdams,Democratic Party
Alyssa Mastromonaco,AlyssaMastro44,Democratic Party
Amanda Fritz,AmandaFritzRN,Democratic Party
Ami Bera,RepBera,Democratic Party
Amy McGrath,AmyMcGrathKY,Democratic Party
Ana Sol Gutierrez,asolg,Democratic Party
Andrea Stewart-Cousins,andreascousins,Democratic Party
Andrew Cuomo,NYGovCuomo,Democratic Party
Andrew Ginther,andrewginther,Democratic Party
Andrew Romanoff,Romanoff2020,Democratic Party
André Carson,RepAndreCarson,Democratic Party
Andy Beshear,AndyBeshearKY,Democratic Party
Andy Kim,RepAndyKimNJ,Democratic Party
Andy Kim,AndyKimNJ,Democratic Party
Andy Levin,RepAndyLevin,Democratic Party
Andy Schor,andyschor,Democratic Party
Angela Alsobrooks,CEXAlsobrooks,Democratic Party
Angie Craig,AngieCraigMN,Democratic Party
Angie Craig,RepAngieCraig,Democratic Party
Ann Kirkpatrick,RepKirkpatrick,Democratic Party
Ann Kirkpatrick,Ann_Kirkpatrick,Democratic Party
Ann McLane Kuster,RepAnnieKuster,Democratic Party
Anna Eshoo,RepAnnaEshoo,Democratic Party
Anna M. Valencia,annavalenciail,Democratic Party
Annise Parker,AnniseParker,Democratic Party
Anthony Brindisi,RepBrindisi,Democratic Party
Anthony Brindisi,abrindisiny,Democratic Party
Anthony G. Brown,RepAnthonyBrown,Democratic Party
Anthony Portantino,Portantino,Democratic Party
Anthony Weiner,anthonyweiner,Democratic Party
Antonio Cabral,RepTonyCabral,Democratic Party
Antonio Delgado,DelgadoforNY19,Democratic Party
Antonio Delgado,repdelgado,Democratic Party
Antonio Villaraigosa,antonio4ca,Democratic Party
Aravella Simotas,AravellaSimotas,Democratic Party
Arianna Huffington,ariannahuff,Democratic Party
Arne Duncan,arneduncan,Democratic Party
Ayanna Pressley,RepPressley,Democratic Party
Ayanna Pressley,AyannaPressley,Democratic Party
Barack Obama,BarackObama,Democratic Party
Barbara Boxer,Barbara_Boxer,Democratic Party
Barbara Buono,BarbaraBuono,Democratic Party
Barbara L'Italien,teambarbara,Democratic Party
Barbara Lee,repbarbaralee,Democratic Party
Barbara Mikulski,senatorbarb,Democratic Party
Barney Frank,barneyfrank,Democratic Party
Barry Finegold,Barry_Finegold,Democratic Party
Bart Stupak,RealBartStupak,Democratic Party
Ben Barnes,benbarnes,Democratic Party
Ben Cardin,SenatorCardin,Democratic Party
Ben R. Luján,repbenraylujan,Democratic Party
Bennie Thompson,BennieGThompson,Democratic Party
Bernard C. Young,mayorbcyoung,Democratic Party
Bernie Hunhoff,berniehunhoff,Democratic Party
Beto O'Rourke,RepBetoORourke,Democratic Party
Beto O'Rourke,BetoORourke,Democratic Party
Betty T. Yee,BettyYeeforCA,Democratic Party
Bibiana Boerio,Boerio4Congress,Democratic Party
Bill Clinton,BillClinton,Democratic Party
Bill Foster,RepBillFoster,Democratic Party
Bill Keating,USRepKeating,Democratic Party
Bill Nelson,senbillnelson,Democratic Party
Bill Pascrell,BillPascrell,Democratic Party
Bill Pascrell,PascrellforNJ,Democratic Party
Bill Richardson,GovRichardson,Democratic Party
Bill White,BillWhiteForTX,Democratic Party
Bill de Blasio,BilldeBlasio,Democratic Party
Bob Brady,RepBrady,Democratic Party
Bob Casey Jr.,SenBobCasey,Democratic Party
Bob Casey Jr.,bob_casey,Democratic Party
Bobbie Richardson,ncreprichardson,Democratic Party
Bobby Rush,RepBobbyRush,Democratic Party
Bobby Scott,BobbyScott,Democratic Party
Bonnie Watson Coleman,RepBonniekelvin,Democratic Party
Brad Schneider,repschneider,Democratic Party
Brad Sherman,BradSherman,Democratic Party
Brandon Dillon,BrandonDillon75,Democratic Party
Brandon Presley,BrandonPresley,Democratic Party
Brenda Jones,iam_brendajones,Democratic Party
Brenda Jones,VoteBrendaJones,Democratic Party
Brenda Lawrence,RepLawrence,Democratic Party
Brendan F. Boyle,RepBrendanBoyle,Democratic Party
Brian E. Frosh,BrianFrosh,Democratic Party
Brian Egolf,BrianEgolf,Democratic Party
Brian Evans,croon1,Democratic Party
Brian Higgins,RepBrianHiggins,Democratic Party
Brian P. Kavanagh,briankavanaghny,Democratic Party
Brian P. Stack,mayorstack,Democratic Party
Brian Schatz,SenBrianSchatz,Democratic Party
Brian Schatz,brianschatz,Democratic Party
Brian Sims,BrianSimsPA,Democratic Party
Brianne Nadeau,brianneknadeau,Democratic Party
Bruce Kraus,brucekraus,Democratic Party
Bruce Maloch,bmaloch,Democratic Party
Byron Brown,MayorByronBrown,Democratic Party
Cal Cunningham,CalforNC,Democratic Party
Carl Heastie,CarlHeastie,Democratic Party
Carl Levin,SenCarlLevin,Democratic Party
Carlos Guillermo Smith,CarlosGSmith,Democratic Party
Carol Moseley Braun,AmbCMBraun,Democratic Party
Carol Shea-Porter,RepSheaPorter,Democratic Party
Caroline Kennedy,CarolineKennedy,Democratic Party
Carolyn Dykema,CarolynDykema,Democratic Party
Carolyn Goodman,mayoroflasvegas,Democratic Party
Carolyn Maloney,RepMaloney,Democratic Party
Casey Schreiner,Casey_Schreiner,Democratic Party
Catherine Cortez Masto,CatherineForNV,Democratic Party
Catherine Cortez Masto,SenCortezMasto,Democratic Party
Catherine E. Pugh,MayorPugh50,Democratic Party
Cecile Richards,CecileRichards,Democratic Party
Cecilia Muñoz,cecilia44,Democratic Party
Cedric Richmond,RepRichmond,Democratic Party
Chaka Fattah,ChakaFattah,Democratic Party
Charles B. Rangel,CBRangel,Democratic Party
Charniele Herring,C_Herring,Democratic Party
Chellie Pingree,ChelliePingree,Democratic Party
Cheri Bustos,RepCheri,Democratic Party
Chris Coons,ChrisCoons,Democratic Party
Chris Coons,SenCoonsOffice,Democratic Party
Chris Dodd,SenChrisDodd,Democratic Party
Chris Giunchigliani,Giunchigliani,Democratic Party
Chris Murphy,ChrisMurphyCT,Democratic Party
Chris Pappas,ChrisPappasNH,Democratic Party
Chris Pappas,RepChrisPappas,Democratic Party
Chris Taylor,ChrisTaylorWI,Democratic Party
Chris Van Hollen,VanHollenForMD,Democratic Party
Chris Van Hollen,ChrisVanHollen,Democratic Party
Chrissy Houlahan,RepHoulahan,Democratic Party
Christine Quinn,chriscquinn,Democratic Party
Christopher G. Kennedy,KennedyforIL,Democratic Party
Christy Smith,ChristyforCA25,Democratic Party
Christy Smith,AsmChristySmith,Democratic Party
Chuck Schumer,SenSchumer,Democratic Party
Cindy Axne,RepCindyAxne,Democratic Party
Cindy Axne,Axne4Congress,Democratic Party
Claire McCaskill,clairecmc,Democratic Party
Clay Aiken,clayaiken,Democratic Party
Colin Allred,RepColinAllred,Democratic Party
Colin Allred,ColinAllredTX,Democratic Party
Colin Van Ostern,ColinVanOstern,Democratic Party
Colleen Garry,RepColleenGarry,Democratic Party
Colleen Hanabusa,RepHanabusa,Democratic Party
Conor Lamb,ConorLambPA,Democratic Party
Corey Johnson,nycspeakercojo,Democratic Party
Corrine Brown,RepCorrineBrown,Democratic Party
Cory Booker,CoryBooker,Democratic Party
Craig Fitzhugh,CraigFitzhugh,Democratic Party
Cyndi Munson,cyndimunson85,Democratic Party
Cynthia McKinney,cynthiamckinney,Democratic Party
Cynthia Stone Creem,cindycreem,Democratic Party
Dan Kildee,RepDanKildee,Democratic Party
Dan Lipinski,RepLipinski,Democratic Party
Dan Ramos,StateRepRamos,Democratic Party
Dana Beyer,DanaBeyerMD,Democratic Party
Dana Wachs,DanaJWachs,Democratic Party
Danica Roem,pwcdanica,Democratic Party
Daniel Biss,danielbiss,Democratic Party
Daniel Squadron,DanielSquadron,Democratic Party
"Daniel T. Blue, Jr.",danbluenc,Democratic Party
Dannel Malloy,govmalloyoffice,Democratic Party
Danny K. Davis,RepDannyDavis,Democratic Party
Darrell Steinberg,mayor_steinberg,Democratic Party
Darren Jackson,JacksonforNC,Democratic Party
Darren Soto,RepDarrenSoto,Democratic Party
David Axelrod,davidaxelrod,Democratic Party
David Baria,dbaria,Democratic Party
David Bulova,DavidBulova,Democratic Party
David Cicilline,RepCicilline,Democratic Party
David Ige,GovHawaii,Democratic Party
David Loebsack,daveloebsack,Democratic Party
David Loebsack,DaveForIowa,Democratic Party
David Paterson,NYGovPaterson55,Democratic Party
David Plouffe,davidplouffe,Democratic Party
David Price,RepDavidEPrice,Democratic Party
David Schapira,dschapira,Democratic Party
David Scott,repdavidscott,Democratic Party
David Segal,segalforri,Democratic Party
David Toscano,deltoscano,Democratic Party
Dawn Zimmer,dawnzimmernj,Democratic Party
Daylin Leach,daylinleach,Democratic Party
Dean Phillips,deanbphillips,Democratic Party
Dean Phillips,RepDeanPhillips,Democratic Party
Deb Goldberg,masstreasury,Democratic Party
Deb Haaland,RepDebHaaland,Democratic Party
Deb Haaland,Deb4CongressNM,Democratic Party
Debbie Mucarsel-Powell,DebbieforFL,Democratic Party
Debbie Stabenow,SenStabenow,Democratic Party
Debbie Wasserman Schultz,DWStweets,Democratic Party
Deborah Dingell,RepDebDingell,Democratic Party
Deborah K. Ross,DeborahRossNC,Democratic Party
Delaine Eastin,DelaineEastin,Democratic Party
Delores McQuinn,DeloresMcquinn,Democratic Party
Denis McDonough,Denis44,Democratic Party
Denise Driehaus,DeniseDriehaus,Democratic Party
Denise Harper Angel,kyharperangel,Democratic Party
Denise Merrill,SOTSMerrill,Democratic Party
Dennis C. Wolff,DennyforPA,Democratic Party
Dennis Heck,RepDennyHeck,Democratic Party
Dennis Kucinich,dennis_kucinich,Democratic Party
Derek Kilmer,RepDerekKilmer,Democratic Party
Deval Patrick,devalpatrick,Democratic Party
Diana DeGette,RepDianaDeGette,Democratic Party
Diane Mitsch Bush,RepDMB,Democratic Party
Diane Savino,dianesavino,Democratic Party
Dianne Feinstein,SenFeinstein,Democratic Party
Dick Durbin,SenatorDurbin,Democratic Party
Dick Gephardt,dickgephardt,Democratic Party
Dina Titus,RepDinaTitus,Democratic Party
Don Beyer,RepDonBeyer,Democratic Party
Donald Norcross,DonaldNorcross,Democratic Party
"Donald Payne, Jr.",RepDonaldPayne,Democratic Party
Donna Brazile,donnabrazile,Democratic Party
Donna Edwards,RepDonnaEdwards,Democratic Party
Donna Howard,DonnaHowardTX,Democratic Party
Donna Shalala,DonnaShalala,Democratic Party
Donna Shalala,RepShalala,Democratic Party
Donovan Dela Cruz,DonovanDelaCruz,Democratic Party
Doris Matsui,DorisMatsui,Democratic Party
Dorothy A. Brown,DorothyForMayor,Democratic Party
Doug Chin,AtghIgov,Democratic Party
Doug Jones,SenDougJones,Democratic Party
Doug La Follette,douglafollette,Democratic Party
Dow Constantine,kcexec,Democratic Party
Duane Hall,RepDuaneHall,Democratic Party
Dutch Ruppersberger,Call_Me_Dutch,Democratic Party
Dwight E. Evans,RepDwightEvans,Democratic Party
Earl Blumenauer,repblumenauer,Democratic Party
Ed Case,RepEdCase,Democratic Party
Ed Case,EdCaseHawaii,Democratic Party
Ed Koch,mayoredkoch,Democratic Party
Ed Markey,SenMarkey,Democratic Party
Ed Murray,mayoredmurray,Democratic Party
Ed Perlmutter,RepPerlmutter,Democratic Party
Ed Rendell,govedrendell,Democratic Party
Eddie Bernice Johnson,RepEBJ,Democratic Party
Eddie Rodriguez,eddiefortexas,Democratic Party
Edward Asner,TheOnlyEdAsner,Democratic Party
Edward F. Coppinger,edcoppinger,Democratic Party
Edwin Edwards,EdwinWEdwards,Democratic Party
Eileen Donoghue,EileenDonoghue,Democratic Party
Eileen Filler-Corn,EFillerCorn,Democratic Party
Elaine Luria,ElaineLuriaVA,Democratic Party
Eleanor Holmes Norton,EleanorNorton,Democratic Party
Eleni Tsakopoulos Kounalakis,EleniForCA,Democratic Party
Elijah Cummings,RepCummings,Democratic Party
Eliot Engel,RepEliotEngel,Democratic Party
Elissa Slotkin,RepSlotkin,Democratic Party
Elissa Slotkin,ElissaSlotkin,Democratic Party
Elizabeth Esty,RepEsty,Democratic Party
Elizabeth Guzmán,delegateguzman,Democratic Party
Elizabeth Warren,ewarren,Democratic Party
Elizabeth Warren,SenWarren,Democratic Party
Ellen Rosenblum,EllenRosenblum,Democratic Party
Emanuel Cleaver,repcleaver,Democratic Party
Emily Virgin,EmilyVirginOK,Democratic Party
Eric Fanning,SECARMY,Democratic Party
Eric Garcetti,ericgarcetti,Democratic Party
Eric Holder,ericholder,Democratic Party
Eric Lesser,EricLesser,Democratic Party
Eric Schneiderman,Schneiderman,Democratic Party
Eric Swalwell,RepSwalwell,Democratic Party
Erica Thomas,itsericathomas,Democratic Party
Ernest Moniz,ErnestMoniz,Democratic Party
Ertharin Cousin,wfpertharin,Democratic Party
Eugene DePasquale,DePasqualePA,Democratic Party
Evan Bayh,SenEvanBayh,Democratic Party
Evan Bayh,EvanBayh,Democratic Party
Evan Glass,EvanMGlass,Democratic Party
Evan Low,Evan_Low,Democratic Party
Filemon Vela,RepFilemonVela,Democratic Party
Frank Dermody,RepFrankDermody,Democratic Party
Frank Pallone,FrankPallone,Democratic Party
Frank Pallone,pallonefornj,Democratic Party
Fred Strahorn,RepFredStrahorn,Democratic Party
Frederica Wilson,RepWilson,Democratic Party
G. K. Butterfield,GKButterfield,Democratic Party
Gabrielle Giffords,Rep_Giffords,Democratic Party
Garnet Coleman,GFColeman,Democratic Party
Gary King,GaryKingforGov,Democratic Party
Gary Peters,SenGaryPeters,Democratic Party
Gary Peters,peters4michigan,Democratic Party
Gavin Buckley,gavin4annapolis,Democratic Party
Gavin Newsom,GavinNewsom,Democratic Party
Gene Green,RepGeneGreen,Democratic Party
George Stephanopoulos,GStephanopoulos,Democratic Party
Gerry Connolly,GerryConnolly,Democratic Party
Gil Cedillo,gilcedillo,Democratic Party
Gilberto Hinojosa,HinojosaTX,Democratic Party
Gina McCarthy,GinaEPA,Democratic Party
Gina Ortiz Jones,ginaortizjones,Democratic Party
Gina Raimondo,GinaRaimondo,Democratic Party
Gloria Bromell Tinubu,Gloria4USsenate,Democratic Party
Grace Meng,RepGraceMeng,Democratic Party
Grace Napolitano,GraceNapolitano,Democratic Party
Grace Napolitano,grace4congress,Democratic Party
Gray Davis,GovernorDavis,Democratic Party
Greg Fischer,louisvillemayor,Democratic Party
Greg Stanton,gregstantonaz,Democratic Party
Greg Stanton,RepGregStanton,Democratic Party
Gregorio Sablan,Kilili_Sablan,Democratic Party
Gregory Meeks,GregoryMeeks,Democratic Party
Gregory Meeks,RepGregoryMeeks,Democratic Party
Gretchen Driskell,gdriskell,Democratic Party
Gretchen Whitmer,GovWhitmer,Democratic Party
Gwen Graham,GwenGraham,Democratic Party
Gwen Moore,RepGwenMoore,Democratic Party
Hakeem Jeffries,RepJeffries,Democratic Party
Haley Stevens,HaleyLive,Democratic Party
Hank Johnson,RepHankJohnson,Democratic Party
Hans Riemer,hansriemer,Democratic Party
Harold Ford Jr.,haroldfordjr,Democratic Party
Harriette L. Chandler,Sen_Chandler,Democratic Party
Harry Reid,senatorreid,Democratic Party
Helen Rosenthal,HelenRosenthal,Democratic Party
Henry Cuellar,RepCuellar,Democratic Party
Henry Waxman,WaxmanClimate,Democratic Party
Hilda Solis,hildasolis,Democratic Party
Hillary Clinton,HillaryClinton,Democratic Party
Howard Dean,govhowarddean,Democratic Party
Huma Abedin,HumaAbedin,Democratic Party
Ian Conyers,ianconyers,Democratic Party
Ida G. Ruben,idagruben,Democratic Party
Ina Minjarez,vote4ina,Democratic Party
Isiah Leggett,county_exec,Democratic Party
Ivy Taylor,ivyrtaylor,Democratic Party
J.B. Pritzker,JBPritzker,Democratic Party
Jack Evans,jackevansward2,Democratic Party
Jack Reed,SenJackReed,Democratic Party
Jackie Speier,RepSpeier,Democratic Party
Jacky Rosen,RosenforNevada,Democratic Party
Jacky Rosen,SenJackyRosen,Democratic Party
Jacqueline Y. Collins,senatorjacqui,Democratic Party
Jahana Hayes,RepJahanaHayes,Democratic Party
Jahana Hayes,JahanaHayesCT,Democratic Party
"James Clayborne, Jr.",jamesclayborne,Democratic Party
James O'Day,RepJimODay,Democratic Party
James T. Welch,Sen_Jim_Welch,Democratic Party
Jamie Eldridge,JamieEldridgeMA,Democratic Party
Jamie Raskin,repraskin,Democratic Party
Jamilah Nasheed,SenatorNasheed,Democratic Party
Jan Schakowsky,janschakowsky,Democratic Party
Jane Kim,janekim,Democratic Party
Janet Cruz,repjanetcruz,Democratic Party
Janet T. Mills,GovJanetMills,Democratic Party
Janice Hahn,Rep_JaniceHahn,Democratic Party
Jared Golden,golden4congress,Democratic Party
Jared Huffman,RepHuffman,Democratic Party
Jared Polis,RepJaredPolis,Democratic Party
Jared Polis,JaredPolis,Democratic Party
Jason Carter,SenatorCarter,Democratic Party
Jason Crow,RepJasonCrow,Democratic Party
Jason Kander,JasonKander,Democratic Party
Javier Gonzales,javiermgonzales,Democratic Party
Jay Inslee,govinslee,Democratic Party
Jay Livingstone,jaylivingstone,Democratic Party
Jay Nixon,govjaynixon,Democratic Party
Jean Quan,jeanquan,Democratic Party
Jeanne Shaheen,SenatorShaheen,Democratic Party
Jeff Merkley,SenJeffMerkley,Democratic Party
Jeff Yarbro,yarbro,Democratic Party
Jeffrey Roy,jeffroy,Democratic Party
Jeion Ward,JeionWard,Democratic Party
Jennifer Brunner,JenniferBrunner,Democratic Party
Jennifer Granholm,JenGranholm,Democratic Party
Jennifer Psaki,Psaki44,Democratic Party
Jennifer Wexton,JenniferWexton,Democratic Party
Jenny Durkan,MayorJenny,Democratic Party
Jerrold Nadler,RepJerryNadler,Democratic Party
Jerry Brown,jerrybrowngov,Democratic Party
Jerry McNerney,RepMcNerney,Democratic Party
Jerry Springer,jerryspringer,Democratic Party
Jesse Jackson,RevJJackson,Democratic Party
Jessica Ramos,jessicaramos,Democratic Party
"Jesús ""Chuy"" García",ChuyForCongress,Democratic Party
Jill Biden,drbiden,Democratic Party
Jim Clyburn,Clyburn,Democratic Party
Jim Cooper,RepJimCooper,Democratic Party
Jim Costa,RepJimCosta,Democratic Party
Jim Dabakis,JimDabakis,Democratic Party
Jim Himes,JAHimes,Democratic Party
Jim Kenney,JimFKenney,Democratic Party
Jim Langevin,JimLangevin,Democratic Party
Jim McDermott,RepJimMcDermott,Democratic Party
Jim McGovern,RepMcGovern,Democratic Party
Jim Webb,jimwebbusa,Democratic Party
Jim Yong Kim,JimYongKim,Democratic Party
Jimmy Panetta,RepJimmyPanetta,Democratic Party
JoCasta Zamarripa,repjocasta,Democratic Party
Joan Carter Conway,conway_joanEHE,Democratic Party
Joaquín Castro,JoaquinCastrotx,Democratic Party
Joe Biden,JoeBiden,Democratic Party
Joe Courtney,RepJoeCourtney,Democratic Party
Joe Crowley,JoeCrowleyNY,Democratic Party
Joe Cunningham,RepCunningham,Democratic Party
Joe Cunningham,JoeCunninghamSC,Democratic Party
Joe Donnelly,SenDonnelly,Democratic Party
Joe Dorman,Dorman2014,Democratic Party
Joe Hogsett,IndyMayorJoe,Democratic Party
Joe Kennedy III,repjoekennedy,Democratic Party
Joe Lieberman,JoeLieberman,Democratic Party
Joe Manchin,Sen_JoeManchin,Democratic Party
Joe Moody,moodyforelpaso,Democratic Party
Joe Neguse,JoeNeguse,Democratic Party
Joe Schiavoni,JoeSchiavoni,Democratic Party
Joe Sestak,JoeSestak,Democratic Party
"Joe Shirley, Jr.",joeshirls,Democratic Party
John B. Larson,RepJohnLarson,Democratic Party
John Bel Edwards,JohnBelforLA,Democratic Party
John Bell,DelegateJBell,Democratic Party
John Burkhalter,VoteBurkhalter,Democratic Party
John Carney,JohnCarneyde,Democratic Party
John Chiang,johnchiangca,Democratic Party
John Conyers,RepJohnConyers,Democratic Party
John Cranley,JohnCranley,Democratic Party
John Delaney,JohnDelaney,Democratic Party
"John Dingell, Jr.",JohnDingell,Democratic Party
John Edwards,Edwards4VA,Democratic Party
John Fetterman,johnfetterman,Democratic Party
John Foust,johnfoustva,Democratic Party
John G. Mulroe,johngmulroe,Democratic Party
John Garamendi,RepGaramendi,Democratic Party
John Grisham,johngrisham,Democratic Party
John Hickenlooper,Hickenlooper,Democratic Party
John Kerry,JohnKerry,Democratic Party
John Kitzhaber,GovKitz,Democratic Party
John Lewis,repjohnlewis,Democratic Party
John Parker,jpwilson4,Democratic Party
John Podesta,johnpodesta,Democratic Party
John Sarbanes,RepSarbanes,Democratic Party
John Velis,SenJohnVelis,Democratic Party
John Velis,velisforsenate,Democratic Party
John Yarmuth,RepJohnYarmuth,Democratic Party
John Young Brown III,JYBx3,Democratic Party
Jolie Justus,joliejustus,Democratic Party
Jon Favreau,jonfavs,Democratic Party
Jon Hecht,RepJonHecht,Democratic Party
Jon Ossoff,ossoff,Democratic Party
Jon Tester,SenatorTester,Democratic Party
Jose Tosado,josetosado4rep,Democratic Party
Joseph Avellone,AvelloneForGov,Democratic Party
Joseph C. Lindsey,joelindseyva90,Democratic Party
Joseph Morelle,votemorelle,Democratic Party
Josh Gottheimer,RepJoshG,Democratic Party
Josh Green,DrJoshGreen,Democratic Party
Josh Harder,RepJoshHarder,Democratic Party
Josh S. Cutler,joshcutler,Democratic Party
Josh Shapiro,joshshapiropa,Democratic Party
José Enrique Serrano,RepJoseSerrano,Democratic Party
José R. Rodríguez,JoseforTexas,Democratic Party
Joy Koesten,joyforkansas,Democratic Party
Joyce Beatty,RepBeatty,Democratic Party
Joyce Craig,JoyceCraigNH,Democratic Party
Joyce Elliott,xjelliott,Democratic Party
Juan Vargas,RepJuanVargas,Democratic Party
Judy Chu,RepJudyChu,Democratic Party
Julia Brownley,RepBrownley,Democratic Party
Julian Carroll,julianpcarroll,Democratic Party
Julissa Ferreras,JulissaFerreras,Democratic Party
Julián Castro,JulianCastro,Democratic Party
Julián Castro,juliancastro,Democratic Party
Kal Penn,KalPenn,Democratic Party
Kamala Harris,KamalaHarris,Democratic Party
Kaniela Ing,KanielaIng,Democratic Party
Karen Bass,RepKarenBass,Democratic Party
Karen Freeman-Wilson,karenaboutgary,Democratic Party
Karen Spilka,KarenSpilka,Democratic Party
Karl Dean,KarlFDean,Democratic Party
Kate Brown,oregongovbrown,Democratic Party
Kate Hogan,repkatehogan,Democratic Party
Katherine A. Klausmeier,Sen_Klausmeier,Democratic Party
Katherine Clark,RepKClark,Democratic Party
Kathleen Kane,KathleenGKane,Democratic Party
Kathleen McGinty,mcgintycampaign,Democratic Party
Kathleen Merrigan,katmerrigan,Democratic Party
Kathleen Rice,RepKathleenRice,Democratic Party
Kathleen Sebelius,sebelius,Democratic Party
Kathleen Vinehout,VinehoutK,Democratic Party
Kathleen Williams,WilliamsForMT,Democratic Party
Kathy Castor,USRepKCastor,Democratic Party
Kathy Hochul,LtGovHochulNY,Democratic Party
Kathy Hochul,kathyhochul,Democratic Party
Kathy Sheehan,Sheehan4Albany,Democratic Party
Katie Hill,RepKatieHill,Democratic Party
Katie Hobbs,secretaryhobbs,Democratic Party
Katie Porter,RepKatiePorter,Democratic Party
Kaye Kory,kayekory,Democratic Party
Keisha Lance Bottoms,KeishaBottoms,Democratic Party
Kelda Roys,keldahelenroys,Democratic Party
Ken Salazar,kensalazar,Democratic Party
Kendra Horn,RepKendraHorn,Democratic Party
Kendra Horn,hornforcongress,Democratic Party
Kent Conrad,KentConrad,Democratic Party
Kevin Parker,SenatorParker,Democratic Party
Kevin de León,kdeleon,Democratic Party
Kiki Curls,kikicurls,Democratic Party
Kim Foxx,SAKimFoxx,Democratic Party
Kim Schrier,RepKimSchrier,Democratic Party
Kionne L. McGhee,kionnemcghee,Democratic Party
Kirk Caldwell,MayorKirkHNL,Democratic Party
Kirk Watson,kirkpwatson,Democratic Party
Kirsten Gillibrand,SenGillibrand,Democratic Party
Krystal Ball,krystalball,Democratic Party
Kurt Schrader,RepSchrader,Democratic Party
Kwame Raoul,kwameraoul,Democratic Party
Kylie Oversen,KylieOversen,Democratic Party
Kyrsten Sinema,SenatorSinema,Democratic Party
LaToya Cantrell,mayorcantrell,Democratic Party
Lamont Bagby,delegatebagby,Democratic Party
Larry Farnese,larryfarnese,Democratic Party
Lashrecse Aird,delegateaird,Democratic Party
Laura Kelly,GovLauraKelly,Democratic Party
Lauren Underwood,LUnderwood630,Democratic Party
Lawrence Lessig,lessig,Democratic Party
Lawrence Summers,LHSummers,Democratic Party
Lea Whitford,WhitfordLea,Democratic Party
Lee J. Carter,carterforva,Democratic Party
Lena Taylor,SenTaylor,Democratic Party
Lesley Cohen,Cohen4AD29,Democratic Party
Levar Stoney,LevarStoney,Democratic Party
Libby Schaaf,LibbySchaaf,Democratic Party
Lincoln Chafee,lincolnchafee,Democratic Party
Linda Coleman,LindaForNC,Democratic Party
Linda Sánchez,replindasanchez,Democratic Party
Lisa Blunt Rochester,LisaBRochester,Democratic Party
Lisa Brown,lisa4congress,Democratic Party
Lisa P. Jackson,lisapjackson,Democratic Party
Liz Malia,replizmalia,Democratic Party
Lizzie Pannill Fletcher,RepFletcher,Democratic Party
Lloyd Doggett,RepLloydDoggett,Democratic Party
Lois Capps,RepLoisCapps,Democratic Party
Lois Frankel,RepLoisFrankel,Democratic Party
London Breed,londonbreed,Democratic Party
Loretta Lynch,LorettaLynch,Democratic Party
Loretta Sanchez,LorettaSanchez,Democratic Party
Lori Ehrlich,RepLoriEhrlich,Democratic Party
Lori Lightfoot,LightfootForChi,Democratic Party
Lori Trahan,RepLoriTrahan,Democratic Party
Lorraine Cortés-Vázquez,LorraineCortesV,Democratic Party
Lou Correa,reploucorrea,Democratic Party
Louise Lucas,SenLouiseLucas,Democratic Party
Louise Slaughter,louiseslaughter,Democratic Party
Lucille Roybal-Allard,RepRoybalAllard,Democratic Party
Lucy McBath,RepLucyMcBath,Democratic Party
Luis Gutiérrez,LuisGutierrez,Democratic Party
Luke Ravenstahl,luke_ravenstahl,Democratic Party
Luke Torian,DelegateTorian,Democratic Party
Lupe Valdez,LupeValdez,Democratic Party
Lyda Krewson,LydaKrewson,Democratic Party
Mac Schneider,mac4northdakota,Democratic Party
Macon Phillips,IIPCoordinator,Democratic Party
Madeleine Albright,madeleine,Democratic Party
Madeleine Dean,RepDean,Democratic Party
Madeleine Dean,MadeleineDean,Democratic Party
Madeleine M. Kunin,MadeleineKunin,Democratic Party
Madeline Rogero,Mayorrogero,Democratic Party
Maggie Hassan,maggie_hassan,Democratic Party
Maggie Hassan,SenatorHassan,Democratic Party
Mahlon Mitchell,MahlonMitchell,Democratic Party
Malcolm Smith,MalcSmitty,Democratic Party
Malia Cohen,MaliaCohen,Democratic Party
Marc Elrich,Marc_Elrich,Democratic Party
Marc R. Pacheco,MarcRPacheco,Democratic Party
Marc Veasey,RepVeasey,Democratic Party
Marcia Fudge,mlfudge,Democratic Party
Marcia Fudge,RepMarciaFudge,Democratic Party
Marcos Devers,MarcosDevers,Democratic Party
Marcus Simon,marcussimon,Democratic Party
Marcy Kaptur,RepMarcyKaptur,Democratic Party
Maria Cantwell,SenatorCantwell,Democratic Party
Maria Chappelle-Nadal,MariaChappelleN,Democratic Party
Marianne Williamson,marwilliamson,Democratic Party
Mark Begich,MarkBegich,Democratic Party
Mark D. Sickles,MarkSicklesVA,Democratic Party
Mark Farrell,MarkFarrellSF,Democratic Party
Mark Keam,MarkKeam,Democratic Party
Mark Kelly,CaptMarkKelly,Democratic Party
Mark Leno,MarkLeno,Democratic Party
Mark Mallory,mayormallory,Democratic Party
Mark Pocan,RepMarkPocan,Democratic Party
Mark Rozzi,RepRozzi,Democratic Party
Mark Takai,RepMarkTakai,Democratic Party
Mark Takano,RepMarkTakano,Democratic Party
Mark Udall,MarkUdall,Democratic Party
Mark Warner,MarkWarner,Democratic Party
Martha Coakley,marthacoakley,Democratic Party
Martha Fuller Clark,mfclark,Democratic Party
Martin Heinrich,MartinHeinrich,Democratic Party
Martin O'Malley,MartinOMalley,Democratic Party
Marty Walsh,marty_walsh,Democratic Party
Mary Cheh,marycheh,Democratic Party
Mary Gay Scanlon,RepMGS,Democratic Party
Mary Jennings Hegar,mjhegar,Democratic Party
Mary Landrieu,SenLandrieu,Democratic Party
Mary Pat Clarke,marypatclarke,Democratic Party
Matt Cartwright,RepCartwright,Democratic Party
Maura Healey,maura_healey,Democratic Party
Maurice Hinchey,mauricehinchey,Democratic Party
Max Rose,MaxRose4NY,Democratic Party
Max Rose,RepMaxRose,Democratic Party
Maxine Waters,RepMaxineWaters,Democratic Party
Mazie Hirono,maziehirono,Democratic Party
Megan Barry,mayormeganbarry,Democratic Party
Melanne Verveer,MelanneVerveer,Democratic Party
Melissa Sargent,repsargent,Democratic Party
Michael A. Jackson,MichaelFor27B,Democratic Party
Michael B. Coleman,MichaelBColeman,Democratic Party
Michael Bennet,MichaelBennet,Democratic Party
Michael Bennet,SenatorBennet,Democratic Party
Michael F. Doyle,USRepMikeDoyle,Democratic Party
Michael Flynn,genflynn,Democratic Party
Michael Hancock,MayorHancock,Democratic Party
Michael J. Stack III,LtGovStack,Democratic Party
Michael John Barrett,BarrettSenate,Democratic Party
Michael Madigan,speaker_madigan,Democratic Party
Michael P. Kearns,Mickey_Kearns,Democratic Party
Michael Rodrigues,SenRodrigues,Democratic Party
Michael San Nicolas,GuamCongressman,Democratic Party
Michael Tubbs,MichaelDTubbs,Democratic Party
Michelle DuBois,RepDuBois,Democratic Party
Michelle Lujan Grisham,GovMLG,Democratic Party
Michelle Obama,MichelleObama,Democratic Party
Michelle Obama,FLOTUS44,Democratic Party
Michelle Wu,wutrain,Democratic Party
Mike Capuano,RepMikeCapuano,Democratic Party
Mike Cooney,LtGovMikeCooney,Democratic Party
Mike Espy,MikeEspyMS,Democratic Party
Mike Frerichs,ILTreasurer,Democratic Party
Mike Gatto,mikegatto,Democratic Party
Mike Gravel,GravelInstitute,Democratic Party
Mike Honda,RepMikeHonda,Democratic Party
Mike Quigley,RepMikeQuigley,Democratic Party
Mike Ross,MikeRossUpdates,Democratic Party
Mike Thompson,RepThompson,Democratic Party
Mikie Sherrill,MikieSherrill,Democratic Party
Mikie Sherrill,RepSherrill,Democratic Party
Mimi Methvin,VoteMimi,Democratic Party
Miro Weinberger,mirobtv,Democratic Party
Mitch Landrieu,MitchLandrieu,Democratic Party
Mo Cowan,mocowan,Democratic Party
Monica Rodriguez,LadyMRod,Democratic Party
Morgan Carroll,MorganLCarroll,Democratic Party
Morgan McGarvey,morganmcgarvey,Democratic Party
Morris Davis,ColMorrisDavis,Democratic Party
Muriel Bowser,MayorBowser,Democratic Party
Nancy Floreen,NancyFloreen,Democratic Party
Nancy K. Kopp,nkkopp,Democratic Party
Nancy Navarro,nancy_navarro,Democratic Party
Nancy Pelosi,SpeakerPelosi,Democratic Party
Nancy Wyman,LGWyman,Democratic Party
Nanette Barragán,RepBarragan,Democratic Party
Nate McMurray,Nate_McMurray,Democratic Party
Nate Tinbite,natetinbite,Democratic Party
Ned Lamont,GovNedLamont,Democratic Party
Neil Abercrombie,neilabercrombie,Democratic Party
Nelson Antonio Denis,NelsonADenis,Democratic Party
Nicholas Sacco,NicholasJSacco,Democratic Party
Nick Bain,StateRepBain,Democratic Party
Nick Collins,nickcollinsma,Democratic Party
Nick Rahall,RepNickRahall,Democratic Party
Nicole Galloway,nicolergalloway,Democratic Party
Niki Tsongas,NikiInTheHouse,Democratic Party
Nikki Fried,nikkifried,Democratic Party
Nina Turner,ninaturner,Democratic Party
Nita Lowey,NitaLowey,Democratic Party
Norman Yee,normanyeesf,Democratic Party
Nydia M. Velázquez,NydiaVelazquez,Democratic Party
P.G. Sittenfeld,PGSittenfeld,Democratic Party
Pam Faris,pamfaris1,Democratic Party
Pat Spearman,Senatorspearman,Democratic Party
Patrick A. Hope,HopeforVirginia,Democratic Party
Patrick J. Kennedy,PJK4brainhealth,Democratic Party
Patrick Leahy,SenatorLeahy,Democratic Party
Patti Solis Doyle,PattiSolisDoyle,Democratic Party
Patty Murray,PattyMurray,Democratic Party
Paul Begala,PaulBegala,Democratic Party
Paul Davis,PaulDavisKS,Democratic Party
Paul Krekorian,PaulKrekorian,Democratic Party
Paul Krizek,KrizekForVA,Democratic Party
Paul Soglin,paulsoglin,Democratic Party
Paul Tonko,RepPaulTonko,Democratic Party
Paula Jean Swearengin,paulajean2020,Democratic Party
Paulette Jordan,PauletteEJordan,Democratic Party
Penny Pritzker,PennyPritzker,Democratic Party
Perry Thurston Jr.,SenatorThurston,Democratic Party
Pete Aguilar,reppeteaguilar,Democratic Party
Pete Buttigieg,petebuttigieg,Democratic Party
Pete Visclosky,RepVisclosky,Democratic Party
Peter DeFazio,RepPeterDeFazio,Democratic Party
Peter W. Barca,PeterWBarca,Democratic Party
Peter Welch,PeterWelch,Democratic Party
Phil Bredesen,PhilBredesen,Democratic Party
Phil Murphy,GovMurphy,Democratic Party
Philip Levine,MayorLevine,Democratic Party
Phillipe Cunningham,CunninghamMPLS,Democratic Party
Pramila Jayapal,RepJayapal,Democratic Party
Rady Mom,repradymom,Democratic Party
Rafael Anchia,rafaelanchia,Democratic Party
Rahm Emanuel,RahmEmanuel,Democratic Party
Raja Krishnamoorthi,congressmanraja,Democratic Party
Ralph Northam,GovernorVA,Democratic Party
Ralph Northam,RalphNortham,Democratic Party
Randolph Bracy,RandolphBracy,Democratic Party
Raquel Terán,RaquelTeran,Democratic Party
Rashida Tlaib,RashidaTlaib,Democratic Party
Raul Ruiz,CongressmanRuiz,Democratic Party
Ravinder Bhalla,RaviBhalla,Democratic Party
Ray Mabus,SECNAV75,Democratic Party
Raymond Buckley,ChairmanBuckley,Democratic Party
Rebecca Rios,Rios_Rebecca,Democratic Party
Reggie Love,ReggieLove33,Democratic Party
Reshma Saujani,reshmasaujani,Democratic Party
Ricardo Lara,RicardoLara4CA,Democratic Party
Richard A. Clarke,richardclarke,Democratic Party
Richard Blumenthal,SenBlumenthal,Democratic Party
Richard Cordray,RichCordray,Democratic Party
Richard Gottfried,dickgottfried,Democratic Party
Richard M. Daley,MayorDaley,Democratic Party
Richard Neal,RepRichardNeal,Democratic Party
Rick Kriseman,Kriseman,Democratic Party
Rick Larsen,RepRickLarsen,Democratic Party
Rick Palacio,RickPalacio,Democratic Party
Rip Sullivan,RipSullivan48,Democratic Party
Ritchie Torres,RitchieTorres,Democratic Party
Ro Khanna,RoKhanna,Democratic Party
Ro Khanna,RepRoKhanna,Democratic Party
Robby Wells,ElectRobbyWells,Democratic Party
Robert DeLeo,SpeakerDeLeo,Democratic Party
Robert Gibbs,PressSec,Democratic Party
Robert H. Plymale,senatorplymale,Democratic Party
Robert Hertzberg,hertzieLA,Democratic Party
Robert Menendez,SenatorMenendez,Democratic Party
Robert Q. Williams,robertqwilliam1,Democratic Party
Robert Reich,RBReich,Democratic Party
Robert Torricelli,bobtorricelli,Democratic Party
Robin Kelly,RepRobinKelly,Democratic Party
Rocky De La Fuente,JoinRocky,Democratic Party
Rod Blagojevich,governorrod,Democratic Party
Rodney Ellis,rodneyellis,Democratic Party
Roland Gutierrez,RolandForTexas,Democratic Party
Ron Kind,RepRonKind,Democratic Party
Ron Klein,repronklein,Democratic Party
Ron Reynolds,ronereynolds,Democratic Party
Ron Wyden,RonWyden,Democratic Party
Ron Wyden,WydenPress,Democratic Party
Ronald Mariano,RonMariano,Democratic Party
Rory Lancman,RoryLancman,Democratic Party
Rosa DeLauro,Rosa_DeLauro,Democratic Party
Rosa DeLauro,RosaDeLauro,Democratic Party
Roslyn Tyler,DelRozTyler,Democratic Party
Roy Cooper,RoyCooperNC,Democratic Party
Royce West,SenRoyceWest,Democratic Party
Ruben Gallego,RepRubenGallego,Democratic Party
Ruben Kihuen,RubenKihuen,Democratic Party
Ruben Kihuen,RepKihuen,Democratic Party
"Rubén Díaz, Sr.",revrubendiaz,Democratic Party
Rubén Hinojosa,USRepRHinojosa,Democratic Party
Rushern Baker,RushernBaker,Democratic Party
Russ Carnahan,russcarnahan,Democratic Party
Russ Feingold,russfeingold,Democratic Party
Russell Holmes,VoteRussell,Democratic Party
Ryan Torrens,RyanforFLAG,Democratic Party
Sally Jewell,sallyjewell,Democratic Party
Salud Carbajal,RepCarbajal,Democratic Party
Sam Farr,RepSamFarr,Democratic Party
Sam Liccardo,sliccardo,Democratic Party
Sam Rasoul,Sam_Rasoul,Democratic Party
Sander Levin,RepSandyLevin,Democratic Party
Sanford Bishop,SanfordBishop,Democratic Party
Sannie Overly,SannieO,Democratic Party
Sara Gideon,SaraGideon,Democratic Party
Sarah McBride,SarahEMcBride,Democratic Party
Sarah Peake,skpeake,Democratic Party
Satya Rhodes-Conway,src2,Democratic Party
Satya Rhodes-Conway,satyaformadison,Democratic Party
Scott Holcomb,RepScottHolcomb,Democratic Party
Scott Peters,ScottPetersSD,Democratic Party
Scott Peters,RepScottPeters,Democratic Party
Scott Wiener,Scott_Wiener,Democratic Party
Sean Patrick Maloney,RepSeanMaloney,Democratic Party
Sean Penn,SeanPenn,Democratic Party
Seth Moulton,sethmoulton,Democratic Party
Seth Moulton,teammoulton,Democratic Party
Sharice Davids,sharicedavids,Democratic Party
Sharon Weston Broome,MayorBroome,Democratic Party
Shaun Donovan,ShaunOMB,Democratic Party
Sheila Jackson Lee,JacksonLeeTX18,Democratic Party
Sheldon Whitehouse,SenWhitehouse,Democratic Party
Sherrod Brown,SenSherrodBrown,Democratic Party
Sidney A. Katz,MC_Council_Katz,Democratic Party
Sonia Chang-Díaz,SoniaChangDiaz,Democratic Party
Sri Preston Kulkarni,SriPKulkarni,Democratic Party
Stacey Abrams,staceyabrams,Democratic Party
Stacey Evans,EvansforGeorgia,Democratic Party
Stacey Plaskett,staceyplaskett,Democratic Party
Stacey Plaskett,Plaskett_2012,Democratic Party
Stacy Ritter,stacyritter,Democratic Party
Stan Rosenberg,SenStan,Democratic Party
Steny Hoyer,whiphoyer,Democratic Party
Stephanie Chang,stephanielily,Democratic Party
Stephanie Murphy,RepStephMurphy,Democratic Party
Stephanie Rawlings-Blake,mayorsrb,Democratic Party
Stephen F. Lynch,RepStephenLynch,Democratic Party
Stephen K. Benjamin,SteveBenjaminSC,Democratic Party
Stephen M. Sweeney,NJSenatePres,Democratic Party
Steve Adubato,SteveAdubato,Democratic Party
Steve Bullock,governorbullock,Democratic Party
Steve Cohen,RepCohen,Democratic Party
Steve Gallardo,Steve_Gallardo,Democratic Party
Steve Israel,repsteveisrael,Democratic Party
Steve Sisolak,SteveSisolak,Democratic Party
Steven Fulop,StevenFulop,Democratic Party
Steven Horsford,RepHorsford,Democratic Party
Steven Horsford,StevenHorsford,Democratic Party
Susan Bysiewicz,LGSusanB,Democratic Party
Susan Bysiewicz,SusanForCT,Democratic Party
Susan Davis,repsusandavis,Democratic Party
Susan Rice,AmbassadorRice,Democratic Party
Susan Wild,RepSusanWild,Democratic Party
Susana Mendoza,susanamendoza10,Democratic Party
Susie Lee,RepSusieLee,Democratic Party
Susie Lee,SusieLeeNV,Democratic Party
Suzan DelBene,RepDelBene,Democratic Party
Suzanne Bonamici,RepBonamici,Democratic Party
Svante Myrick,svantemyrick,Democratic Party
Sylvester Turner,SylvesterTurner,Democratic Party
Sylvia Burwell,secburwell,Democratic Party
Sylvia Garcia,RepSylviaGarcia,Democratic Party
TJ Cox,RepTjCox,Democratic Party
Tammy Baldwin,tammybaldwin,Democratic Party
Tammy Baldwin,SenatorBaldwin,Democratic Party
Tammy Duckworth,senduckworth,Democratic Party
Ted Deutch,RepTedDeutch,Democratic Party
Ted Lieu,tedlieu,Democratic Party
Ted Lieu,RepTedLieu,Democratic Party
Ted Strickland,ted_strickland,Democratic Party
Ted Terry,tedterry1,Democratic Party
Terri Sewell,RepTerriSewell,Democratic Party
Terry McAuliffe,TerryMcAuliffe,Democratic Party
Theresa Abed,abedtheresa,Democratic Party
Theresa Greenfield,GreenfieldIowa,Democratic Party
Thomas Perez,TomPerez,Democratic Party
Thomas Suozzi,RepTomSuozzi,Democratic Party
Tiffany Cabán,CabanForQueens,Democratic Party
Tim Kaine,timkaine,Democratic Party
Tim Ryan,RepTimRyan,Democratic Party
Timothy Hwang,timthwang,Democratic Party
Timothy M. Keller,mayorkeller,Democratic Party
Tina Smith,TinaSmithMN,Democratic Party
Tina Smith,SenTinaSmith,Democratic Party
Tina Tchen,tinatchen,Democratic Party
Todd Gloria,ToddGloria,Democratic Party
Todd Portune,TPortune,Democratic Party
Tom Carper,SenatorCarper,Democratic Party
Tom Cochran,reptomcochran,Democratic Party
Tom Daschle,TomDaschle,Democratic Party
Tom Hucker,cmhucker,Democratic Party
Tom Malinowski,Malinowski,Democratic Party
Tom Malinowski,RepMalinowski,Democratic Party
Tom Nelson,NelsonforWI,Democratic Party
Tom Perriello,tomperriello,Democratic Party
Tom Udall,SenatorTomUdall,Democratic Party
Tom Wheeler,TomWheelerFCC,Democratic Party
Tom Wolf,governortomwolf,Democratic Party
Toni Preckwinkle,tonipreckwinkle,Democratic Party
Tony Cárdenas,RepCardenas,Democratic Party
Tony Evers,Tony4WI,Democratic Party
Tony Yarber,TonyYarber,Democratic Party
Tyrone Gayle,tyronegayle,Democratic Party
Tyrone Thompson,Thompson4AD17,Democratic Party
Val Demings,RepValDemings,Democratic Party
Valerie Jarrett,vj44,Democratic Party
Vanessa Atterbeary,VAtterbeary,Democratic Party
Vanessa Gibson,Vanessalgibson,Democratic Party
Vernon Jones,RepVernonJones,Democratic Party
Veronica Escobar,RepEscobar,Democratic Party
Veronica Escobar,vgescobar,Democratic Party
Vicente González,RepGonzalez,Democratic Party
"Victor M. Torres, Jr.",VicTorres_FL,Democratic Party
Vincent C. Gray,mayorvincegray,Democratic Party
Vincent Hughes,SenatorHughes,Democratic Party
Wayne Goodwin,waynegoodwinnc,Democratic Party
Wayne Messam,WayneMessam,Democratic Party
Wendy Davis,wendydavis,Democratic Party
Will Brownsberger,WBrownsberger,Democratic Party
Will Jawando,willjawando,Democratic Party
William Lacy Clay,LacyClayMO1,Democratic Party
William M. Daley,billdaley,Democratic Party
William Smitty Pignatelli,repsmitty,Democratic Party
Winnie Brinks,winniebrinks,Democratic Party
Xavier Becerra,XavierBecerra,Democratic Party
Xavier Becerra,AGBecerra,Democratic Party
Xochitl Torres Small,RepTorresSmall,Democratic Party
Xochitl Torres Small,XochforCongress,Democratic Party
Yadira Caraveo,yadiracaraveo,Democratic Party
Yvette Clarke,YvetteClarke,Democratic Party
Yvette Clarke,RepYvetteClarke,Democratic Party
Zephyr Teachout,zephyrteachout,Democratic Party
Zoe Lofgren,RepZoeLofgren,Democratic Party
Aaron Peña,AaronPena,Republican Party
Aaron Schock,aaronschock,Republican Party
Adam Kinzinger,repkinzinger,Republican Party
Adam Putnam,adamputnam,Republican Party
Adrian Smith,RepAdrianSmith,Republican Party
Alberto Gonzales,argonzales,Republican Party
Alex Azar,SecAzar,Republican Party
Alex X. Mooney,RepAlexMooney,Republican Party
Allen Andrews,AllenAndrewsSR1,Republican Party
Allen West,allenwest,Republican Party
Ander Crenshaw,AnderCrenshaw,Republican Party
Andrew R. Wheeler,EPAAWheeler,Republican Party
Andy Barr,RepAndyBarr,Republican Party
Andy Biggs,RepAndyBiggsAZ,Republican Party
Andy Harris,RepAndyHarrisMD,Republican Party
Angela Stanton-King,theangiestanton,Republican Party
Angie Chen Button,angiechenbutton,Republican Party
Anitere Flores,anitere_flores,Republican Party
Ann Romney,AnnRomney,Republican Party
Ann Wagner,RepAnnWagner,Republican Party
Anthony Gonzalez,RepAGonzalez,Republican Party
Anthony Gonzalez,anthonygonzalez,Republican Party
Anthony Scaramucci,scaramucci,Republican Party
Ari Fleischer,AriFleischer,Republican Party
Arthur B. Robinson,artforcongress,Republican Party
Arthur Purves,votepurves,Republican Party
Asa Hutchinson,AsaHutchinson,Republican Party
Aumua Amata,RepAmata,Republican Party
Aumua Amata,amata96799,Republican Party
Austin Scott,AustinScottGA08,Republican Party
Barbara Cegavske,VoteBarbara,Republican Party
Barbara Comstock,RepComstock,Republican Party
Barry Knight,BarryKnight81,Republican Party
Barry Loudermilk,RepLoudermilk,Republican Party
Ben Bernanke,BenBernanke,Republican Party
Ben Cline,Cline4Virginia,Republican Party
Ben Sasse,SenSasse,Republican Party
Beth Van Duyne,Bethvanduyne,Republican Party
Bill Cassidy,BillCassidy,Republican Party
Bill Cassidy,SenatorCassidy,Republican Party
Bill Flores,RepBillFlores,Republican Party
Bill Frist,bfrist,Republican Party
Bill Galvano,billgalvano,Republican Party
Bill Haslam,billhaslam,Republican Party
Bill Huizenga,RepHuizenga,Republican Party
Bill Johnson,RepBillJohnson,Republican Party
Bill Lee,GovBillLee,Republican Party
Bill Lee,BillLeeTN,Republican Party
Bill Posey,CongBillPosey,Republican Party
Bill Shuster,RepBillShuster,Republican Party
Bill Stanley,billstanley,Republican Party
Billy Long,USRepLong,Republican Party
Blaine Luetkemeyer,RepBlaine,Republican Party
Blake Farenthold,farenthold,Republican Party
Bob Corker,senbobcorker,Republican Party
Bob Cortes,CortesBob,Republican Party
Bob Dold,RepDold,Republican Party
Bob Dole,SenatorDole,Republican Party
Bob Ehrlich,gov_ehrlich,Republican Party
Bob Gibbs,RepBobGibbs,Republican Party
Bob Goodlatte,RepGoodlatte,Republican Party
Bob Hall,senbobhall,Republican Party
Bob Hugin,BobHugin,Republican Party
Bob Latta,BobLatta,Republican Party
Bob McDonnell,BobMcDonnell,Republican Party
Bobby Jindal,bobbyjindal,Republican Party
Boyd K. Rutherford,boydkrutherford,Republican Party
Brad Halbrook,bradhalbrook,Republican Party
Brad Little,LtGovBradLittle,Republican Party
Brad Wenstrup,RepBradWenstrup,Republican Party
Bradford Hill,repbradhill,Republican Party
"Bradley Jones, Jr.",RepBradJones,Republican Party
Brandon Smith,Smithkysenate,Republican Party
Brenda Pogge,BrendaPogge,Republican Party
Brett Guthrie,brettguthrie,Republican Party
Brian Babin,RepBrianBabin,Republican Party
Brian Crain,SenatorCrain,Republican Party
Brian Fitzpatrick,repbrianfitz,Republican Party
Brian Kelsey,BrianKelsey,Republican Party
Brian Kemp,BrianKempGA,Republican Party
Brian Kolb,gopldrbriankolb,Republican Party
Brian Mast,repbrianmast,Republican Party
Brian Mast,BrianMastFL,Republican Party
Brian Sandoval,BrianSandoval,Republican Party
Brian Sandoval,govsandoval,Republican Party
Bruce Poliquin,RepPoliquin,Republican Party
Bruce Rauner,BruceRauner,Republican Party
Bruce Tarr,SenBruceTarr,Republican Party
Bruce Westerman,RepWesterman,Republican Party
Bryan Steil,RepBryanSteil,Republican Party
Bryce Reeves,ReevesVA,Republican Party
Buddy Carter,RepBuddyCarter,Republican Party
Buddy Fowler,DelBFowler,Republican Party
Burgess Owens,BurgessOwens,Republican Party
Campbell Cavasso,camcavasso,Republican Party
Candice Keller,votecandice16,Republican Party
Candice Miller,CandiceMiller,Republican Party
Carlos A. Giménez,MayorGimenez,Republican Party
Carlos Curbelo,RepCurbelo,Republican Party
Carlos Gutierrez,carlosgutierrez,Republican Party
Carlos Lopez-Cantera,lopezcantera,Republican Party
Carly Fiorina,CarlyFiorina,Republican Party
Carol Miller,RepCarolMiller,Republican Party
Carol Miller,CarolMillerWV,Republican Party
Casey Cagle,caseycagle,Republican Party
Cathy McMorris Rodgers,cathymcmorris,Republican Party
Cenk Uygur,cenkuygur,Republican Party
Chael Sonnen,sonnench,Republican Party
Charles Boustany,RepBoustany,Republican Party
Charles Poindexter,Del_CPoindexter,Republican Party
Charlie Baker,CharlieBakerMA,Republican Party
Charlie Dent,RepCharlieDent,Republican Party
Charlie Geren,charliegeren,Republican Party
Chip Roy,RepChipRoy,Republican Party
Chris A. Brown,ChrisBrownNJ,Republican Party
Chris Christie,chrischristie,Republican Party
Chris Collins,RepChrisCollins,Republican Party
Chris Gibson,RepChrisGibson,Republican Party
Chris Head,DelChrisHead,Republican Party
Chris Kapenga,SenatorKapenga,Republican Party
Chris McDaniel,senatormcdaniel,Republican Party
Chris Peace,DelCPeace,Republican Party
Chris Stewart,RepChrisStewart,Republican Party
Chris Stolle,chrisstolle,Republican Party
Chris Sununu,ChrisSununu,Republican Party
Chris Widener,ChrisWidenerOH,Republican Party
Christian McDaniel,kychrismcdaniel,Republican Party
Christina Hagan,RepHagan,Republican Party
Christine O'Donnell,ChristineOD,Republican Party
Christine Todd Whitman,GovCTW,Republican Party
Christopher Jacobs,JacobsNY27,Republican Party
Christopher Ruddy,chrisruddynmx,Republican Party
Chuck Fleischmann,RepChuck,Republican Party
Chuck Grassley,ChuckGrassley,Republican Party
Chuck McGrady,ChuckMcGrady,Republican Party
Cindy McCain,cindymccain,Republican Party
Claudia Tenney,claudiatenney,Republican Party
Clay Higgins,RepClayHiggins,Republican Party
Colin R. J. Bonini,ColinBonini,Republican Party
Condoleezza Rice,CondoleezzaRice,Republican Party
Connie Lawson,SecretaryLawson,Republican Party
Corey Stewart,CoreyStewartVA,Republican Party
Cresent Hardy,CresentHardy,Republican Party
Curt Clawson,RepCurtClawson,Republican Party
Curtis Hill,CurtisHill_IN,Republican Party
"Curtis M. Loftis, Jr.",treasurerloftis,Republican Party
Cynthia Lummis,CynthiaLummis,Republican Party
Dan Benishek,CongressmanDan,Republican Party
Dan Bilzerian,danbilzerian,Republican Party
Dan Bishop,jdanbishop,Republican Party
Dan Coats,SenDanCoats,Republican Party
Dan Lauwers,DanLauwers,Republican Party
Dan Logue,danlogue4cd3,Republican Party
Dan Newhouse,RepNewhouse,Republican Party
Dan Patrick,DanPatrick,Republican Party
Dan R. Brouillette,SecBrouillette,Republican Party
Dana Perino,DanaPerino,Republican Party
Dana Rohrabacher,reprohrabacher,Republican Party
Dana Young,repdanayoung,Republican Party
Dane Eagle,DaneEagle,Republican Party
"Daniel M. Donovan, Jr.",RepDanDonovan,Republican Party
Daniel S. Sullivan,SenDanSullivan,Republican Party
Daniel Webster,RepWebster,Republican Party
Danny Tarkanian,DannyTarkanian,Republican Party
Darin LaHood,RepLaHood,Republican Party
Darrell Issa,DarrellIssa,Republican Party
Dave Brat,RepDaveBrat,Republican Party
Dave Camp,RepDaveCamp,Republican Party
Dave LaRock,LaRock4Delegate,Republican Party
Dave Reichert,DaveReichert,Republican Party
David Casas,votedavidcasas,Republican Party
David Holt,davidfholt,Republican Party
David Jolly,DavidJollyFL,Republican Party
David Joyce,RepDaveJoyce,Republican Party
David Kustoff,repdavidkustoff,Republican Party
David M. McIntosh,DavidMMcintosh,Republican Party
David McKinley,RepMcKinley,Republican Party
David Muradian,Muradian4Rep,Republican Party
David Perdue,sendavidperdue,Republican Party
David R. Lewis,RepDavidRLewis,Republican Party
David Rouzer,DavidRouzer,Republican Party
David Schweikert,RepDavid,Republican Party
David Trott,repdavetrott,Republican Party
David Vitter,DavidVitter,Republican Party
David Vitter,senatorvitter,Republican Party
David Yancey,yancey4delegate,Republican Party
David Young,RepDavidYoung,Republican Party
Dean Heller,sendeanheller,Republican Party
Deb Fischer,SenatorFischer,Republican Party
Debbie Lesko,RepDLesko,Republican Party
Dennis A. Ross,AmbDennisRoss,Republican Party
Dennis Bonnen,RepDennisBonnen,Republican Party
Dennis Daugaard,SDGovDaugaard,Republican Party
Dennis K. Baxley,dennisbaxley,Republican Party
Denver Riggleman,RepRiggleman,Republican Party
Devin Nunes,DevinNunes,Republican Party
Diane Black,RepDianeBlack,Republican Party
Diane Harkey,DianeHarkey,Republican Party
Dina Powell,apnsadinapowell,Republican Party
Dinesh D'Souza,DineshDSouza,Republican Party
Dino Rossi,DinoRossiWA,Republican Party
Don Bacon,repdonbacon,Republican Party
Don Young,RepDonYoung,Republican Party
Donald Trump,realDonaldTrump,Republican Party
Donald Trump,POTUS,Republican Party
Donna Campbell,DonnaCampbellTX,Republican Party
Doug Burgum,DougBurgum,Republican Party
Doug Collins,RepDougCollins,Republican Party
Doug Ducey,dougducey,Republican Party
Doug Lamborn,RepDLamborn,Republican Party
Doug Peterson,AGDougPeterson,Republican Party
Drew Ferguson,RepDrewFerguson,Republican Party
"Drew Springer, Jr.",DrewSpringer,Republican Party
Duncan D. Hunter,Rep_Hunter,Republican Party
Dusty Johnson,RepDustyJohnson,Republican Party
Dusty Johnson,DustyJohnson,Republican Party
Ed Emmett,EdEmmett,Republican Party
Ed Gillespie,edwgillespie,Republican Party
Ed Royce,RepEdRoyce,Republican Party
Ed Whitfield,RepEdWhitfield,Republican Party
Edward F. Cox,chairmanedcox,Republican Party
Edward Lee Rispone,EddieRispone,Republican Party
Edwin Feulner,EdFeulner,Republican Party
Elaine Chao,SecElaineChao,Republican Party
Elise Stefanik,RepStefanik,Republican Party
Elise Stefanik,elisestefanik,Republican Party
Eric Brakey,SenatorBrakey,Republican Party
Eric Burlison,ericburlison,Republican Party
Eric Cantor,EricCantor,Republican Party
Eric Holcomb,GovHolcomb,Republican Party
Eric Holcomb,HolcombForIN,Republican Party
Eric Schmitt,Eric_Schmitt,Republican Party
Erik Paulsen,RepErikPaulsen,Republican Party
Erika Harold,ErikaHarold,Republican Party
Evelyn Sanguinetti,Evelynetti,Republican Party
Francis Rooney,RepRooney,Republican Party
Francis X. Suarez,FrancisSuarez,Republican Party
Frank Edelblut,EdelblutForGov,Republican Party
Frank Guinta,RepFrankGuinta,Republican Party
Frank LoBiondo,RepLoBiondo,Republican Party
Frank Lucas,RepFrankLucas,Republican Party
Frank Riggs,riggsforaz,Republican Party
Frank Wolf,RepWOLFPress,Republican Party
Fred Upton,RepFredUpton,Republican Party
French Hill,RepFrenchHill,Republican Party
Garret Graves,RepGarretGraves,Republican Party
Gary Herbert,GovHerbert,Republican Party
Gary Herbert,HerbertForUtah,Republican Party
Gary Palmer,USRepGaryPalmer,Republican Party
Geoff Diehl,DiehlForSenate,Republican Party
George Allen,georgeallenva,Republican Party
George H. W. Bush,GeorgeHWBush,Republican Party
George Holding,RepHolding,Republican Party
George LeMieux,George_LeMieux,Republican Party
George P. Bush,GeorgePBush,Republican Party
George Pataki,governorpataki,Republican Party
Glen Bradley,GlenBradley,Republican Party
Glenn Beck,glennbeck,Republican Party
Glenn Davis,DelGlennDavis,Republican Party
Glenn Grothman,RepGrothman,Republican Party
Glenn Hegar,Glenn_Hegar,Republican Party
Glenn Thompson,CongressmanGT,Republican Party
Glenn Trowbridge,Trowbridge4NV,Republican Party
Gordon H. Smith,peapicker541,Republican Party
Gordon Helsel,GordonHelsel,Republican Party
Greg Abbott,gregabbott_tx,Republican Party
Greg Murphy,RepGregMurphy,Republican Party
Greg Murphy,GregMurphyMD,Republican Party
Greg Pence,GregPenceIN,Republican Party
Greg Pence,RepGregPence,Republican Party
Greg Steube,RepGregSteube,Republican Party
Greg Steube,gregsteube,Republican Party
Gregg Harper,GreggHarper,Republican Party
Gregory Richard Gianforte,GregForMontana,Republican Party
Gresham Barrett,greshambarrett,Republican Party
Gus Bilirakis,RepGusBilirakis,Republican Party
Guy Reschenthaler,reschenthaler,Republican Party
Guy Reschenthaler,GReschenthaler,Republican Party
Hal Rogers,RepHalRogers,Republican Party
Heather Nauert,HeatherNauert,Republican Party
Heather Wilson,HeatherAnWilson,Republican Party
Heidi Gansert,HeidiGansert,Republican Party
Henry McMaster,henrymcmaster,Republican Party
Herman Cain,THEHermanCain,Republican Party
Hogan Gidley,jhogangidley,Republican Party
Holly Hughes,hollyhughes,Republican Party
Ileana Ros-Lehtinen,RosLehtinen,Republican Party
Israel O'Quinn,IsraelOQuinn,Republican Party
Jack Bergman,RepJackBergman,Republican Party
Jack Kingston,jackkingston,Republican Party
Jackie Walorski,RepWalorski,Republican Party
Jaime Herrera Beutler,HerreraBeutler,Republican Party
James Allsup,realjamesallsup,Republican Party
James Comer,KYComer,Republican Party
James E. Edmunds,JamesEEdmunds,Republican Party
James Lankford,SenatorLankford,Republican Party
Jamie Callender,JamieCallender,Republican Party
Jan Brewer,GovBrewer,Republican Party
Janet H. Adkins,RepJanetAdkins,Republican Party
Janet Nguyen,SenJanetNguyen,Republican Party
Janice Arnold-Jones,LadySunshineNM,Republican Party
Jared Carpenter,JCarpenterKY,Republican Party
Jason Isaac,isaacfortexas,Republican Party
Jason Lewis,RepJasonLewis,Republican Party
Jason T. Smith,RepJasonSmith,Republican Party
Jay Nordlinger,jaynordlinger,Republican Party
Jay Tibshraeny,jaytibshraeny,Republican Party
Jay Webber,JayWebberNJ,Republican Party
Jean Fuller,JeanFuller,Republican Party
Jeanette Nuñez,LtGovNunez,Republican Party
Jeanne Ives,jeanneives,Republican Party
Jeb Bush,JebBush,Republican Party
Jeb Bush,jebbush,Republican Party
Jeb Hensarling,RepHensarling,Republican Party
Jeff Brandes,JeffreyBrandes,Republican Party
Jeff Colyer,DrJeffColyer,Republican Party
Jeff Denham,RepJeffDenham,Republican Party
Jeff Duncan,RepJeffDuncan,Republican Party
Jeff Flake,jeffflake,Republican Party
Jeff Fortenberry,JeffFortenberry,Republican Party
Jeff Lamberti,stormerone,Republican Party
Jeff Leach,leachfortexas,Republican Party
Jeff Lord,realJeffreyLord,Republican Party
Jeff Sessions,jeffsessions,Republican Party
Jeffrey Chiesa,ChiesaNews,Republican Party
Jenna Bush Hager,JennaBushHager,Republican Party
Jerry E. Patterson,Patterson4TX,Republican Party
Jerry Moran,JerryMoran,Republican Party
Jim Baird,electjimbaird,Republican Party
Jim Banks,RepJimBanks,Republican Party
Jim Bridenstine,RepJBridenstine,Republican Party
Jim Bridenstine,JimBridenstine,Republican Party
Jim DeMint,JimDeMint,Republican Party
Jim Durkin,jimdurkin82,Republican Party
Jim Gilmore,governorgilmore,Republican Party
Jim Hagedorn,RepHagedorn,Republican Party
Jim Jordan,Jim_Jordan,Republican Party
Jim Mountain Inhofe,JimInhofe,Republican Party
Jim Nussle,JimNussle,Republican Party
Jim Renacci,RepJimRenacci,Republican Party
Jim Risch,SenatorRisch,Republican Party
Jim Sensenbrenner,JimPressOffice,Republican Party
Jim Talent,JimTalent,Republican Party
Jim Tedisco,jamestedisco,Republican Party
Jimmy Duncan,RepJohnDuncanJr,Republican Party
Jimmy Higdon,senatorjimmy,Republican Party
Jo Ann Emerson,joannemerson,Republican Party
Jo Rae Perkins,PerkinsForUSSen,Republican Party
Jodey Arrington,RepArrington,Republican Party
Jody Hice,congressmanhice,Republican Party
Joe Barton,RepJoeBarton,Republican Party
Joe Sanfelippo,JoeSanfelippo,Republican Party
Joe Scarborough,JoeNBC,Republican Party
Joe Walsh,walshfreedom,Republican Party
Joe Wilson,RepJoeWilson,Republican Party
John Barrasso,SenJohnBarrasso,Republican Party
John Boehner,speakerboehner,Republican Party
John Boozman,Boozman4AR,Republican Party
John Boozman,JohnBoozman,Republican Party
John Carter,JudgeCarter,Republican Party
John Cornyn,JohnCornyn,Republican Party
John Culberson,johnculberson,Republican Party
John E. Sununu,JohnSununu,Republican Party
John Eichelberger,EichForCongress,Republican Party
John Ensign,JimTalent,Republican Party
John Faso,JohnFasoNy,Republican Party
John Fleming,RepFleming,Republican Party
John H. Cox,therealjohnhcox,Republican Party
John Hambrick,hambrick4assemb,Republican Party
John James,JohnJamesMI,Republican Party
John Joyce,RepJohnJoyce,Republican Party
John Kasich,JohnKasich,Republican Party
John Katko,RepJohnKatko,Republican Party
John Kline,RepJohnKline,Republican Party
John McCain,SenJohnMccain,Republican Party
John Moolenaar,RepMoolenaar,Republican Party
John Moorlach,senatormoorlach,Republican Party
John O'Bannon,delobannon,Republican Party
John R. Bolton,ambjohnbolton,Republican Party
John R. Curtis,RepJohnCurtis,Republican Party
John Ratcliffe,RepRatcliffe,Republican Party
John Rutherford,RepRutherfordFL,Republican Party
John Schickel,SenatorSchickel,Republican Party
John Shaban,shaban4congress,Republican Party
John Shimkus,RepShimkus,Republican Party
John Thune,SenJohnThune,Republican Party
John Thune,johnthune,Republican Party
John W. Rose,RepJohnRose,Republican Party
Johnny Isakson,SenatorIsakson,Republican Party
Jon A. Husted,JonHusted,Republican Party
"Jon Huntsman, Jr.",JonHuntsman,Republican Party
Jon Kyl,SenJonKyl,Republican Party
Jonathan Stickland,RepStickland,Republican Party
Jose Esteves,estevesmilpitas,Republican Party
Joseph R. Pitts,RepJoePitts,Republican Party
Josette Sheeran,JosetteSheeran,Republican Party
Josh Hawley,HawleyMO,Republican Party
José R. Oliva,repjoseoliva,Republican Party
Julia Nesheiwat,JuliaNesheiwat,Republican Party
K. T. McFarland,KTMcFarland,Republican Party
Kane,GlennJacobsTN,Republican Party
Kanye West,kanyewest,Republican Party
Karen Handel,karenhandel,Republican Party
Karen Pence,SecondLady,Republican Party
Karin Housley,KarinHousley,Republican Party
Karl Rove,KarlRove,Republican Party
Karyn Polito,MassLtGov,Republican Party
Kathy Byron,kathybyron,Republican Party
Katie Arrington,karringtonsc,Republican Party
Katrina Shealy,katrinashealy,Republican Party
Kay Bailey Hutchison,kaybaileyhutch,Republican Party
Kay Granger,RepKayGranger,Republican Party
Kay Ivey,GovernorKayIvey,Republican Party
Kayla Kessinger,KaylaKessinger,Republican Party
Keith Rothfus,KeithRothfus,Republican Party
Kelly Ayotte,KellyAyotte,Republican Party
Kelly Loeffler,kloeffler,Republican Party
Kelly M. Armstrong,Armstrong_ND,Republican Party
Kelly M. Armstrong,RepArmstrongND,Republican Party
Kellyanne Conway,KellyannePolls,Republican Party
Ken Blackwell,kenblackwell,Republican Party
Ken Buck,RepKenBuck,Republican Party
Ken Calvert,KenCalvert,Republican Party
Ken Paxton,kenpaxtontx,Republican Party
Ken Stolle,kenstolle,Republican Party
Kenny Marchant,RepKenMarchant,Republican Party
Kevin Brady,RepKevinBrady,Republican Party
Kevin Faulconer,Kevin_Faulconer,Republican Party
Kevin Hern,repkevinhern,Republican Party
Kevin McCarthy,gopleader,Republican Party
Kevin Stitt,GovStitt,Republican Party
Kevin Yoder,RepKevinYoder,Republican Party
Kim Reynolds,KimReynoldsIA,Republican Party
Kim Wyman,KimWyman12,Republican Party
Kristi Noem,govkristinoem,Republican Party
Kurt Daudt,kdaudt,Republican Party
Lamar Alexander,SenAlexander,Republican Party
Lamar S. Smith,LamarSmithTX21,Republican Party
Lance Gooden,Lancegooden,Republican Party
Larry Bucshon,RepLarryBucshon,Republican Party
Larry Hogan,LarryHogan,Republican Party
Larry Pressler,larrypressler,Republican Party
Laura Bush,laurawbush,Republican Party
Lauren Cheape,laurencheape,Republican Party
Leah Vukmir,LeahVukmir,Republican Party
Lee Zeldin,RepLeeZeldin,Republican Party
Len Suzio,senatorsuzio,Republican Party
Leonard Lance,RepLanceNJ7,Republican Party
Les Adams,LesAdamsVA,Republican Party
Leslie Munger,LeslieMungerIL,Republican Party
Leslie Rutledge,LeslieRutledge,Republican Party
Lindsey Graham,LindseyGrahamSC,Republican Party
Lisa Murkowski,lisamurkowski,Republican Party
Lloyd Smucker,RepSmucker,Republican Party
Lou Barletta,RepLouBarletta,Republican Party
Louie Gohmert,RepLouieGohmert,Republican Party
Luke Messer,RepLukeMesser,Republican Party
Luther Strange,SenatorStrange,Republican Party
Lynn Jenkins,RepLynnJenkins,Republican Party
Lynn Westmoreland,RepWestmoreland,Republican Party
Lynne Patton,LynnePattonHUD,Republican Party
Lynne Patton,LynnePatton,Republican Party
Mac Thornberry,MacTXPress,Republican Party
Madison Cawthorn,CawthornforNC,Republican Party
Marco Rubio,marcorubio,Republican Party
Marcus Molinaro,marcmolinaro,Republican Party
Margaret Ransone,MargaretRansone,Republican Party
Mark Amodei,MarkAmodeiNV2,Republican Party
Mark Cole,MarkColeVA,Republican Party
Mark Everson,markforamerica,Republican Party
Mark Green,RepMarkGreen,Republican Party
Mark Harris,markharrisnc9,Republican Party
Mark Hutchison,Hutch4Nevada,Republican Party
Mark Johnson,Rep_MarkJohnson,Republican Party
Mark Kirk,SenatorKirk,Republican Party
Mark Randall Meadows,RepMarkMeadows,Republican Party
Mark Romanchuk,RepRomanchuk,Republican Party
Mark Sanford,RepSanfordSC,Republican Party
Mark Walker,RepMarkWalker,Republican Party
Markwayne Mullin,RepMullin,Republican Party
Marlin Stutzman,RepStutzman,Republican Party
Marsha Blackburn,MarshaBlackburn,Republican Party
Martha McSally,SENMcSallyAZ,Republican Party
Martha McSally,marthamcsally,Republican Party
Martha Roby,RepMarthaRoby,Republican Party
Martin Golden,SenMartyGolden,Republican Party
Martin Howrylak,martinhowrylak,Republican Party
Marty Nothstein,Marty_Nothstein,Republican Party
Mary Fallin,MaryFallin,Republican Party
Mary Taylor,OH_LG_Office,Republican Party
Matt Bevin,GovMattBevin,Republican Party
Matt Caldwell,mattcaldwell_fl,Republican Party
Matt Fariss,MattFariss,Republican Party
Matt Gaetz,mattgaetz,Republican Party
Matt Mead,GovMattMead,Republican Party
Matt Salmon,RepMattSalmon,Republican Party
Matthew Rosendale,mattformontana,Republican Party
Matthew Whitaker,mattwhitaker46,Republican Party
Max Wise,maxwellwise,Republican Party
Meg Whitman,megwhitman,Republican Party
Mel Martinez,MelMartinez,Republican Party
Mia Love,MiaBLove,Republican Party
Michael Balboni,mbalboni,Republican Party
Michael C. Burgess,MichaelCBurgess,Republican Party
Michael Cloud,RepCloudTX,Republican Party
Michael Guest,GuestCongress,Republican Party
Michael Guest,RepMichaelGuest,Republican Party
Michael McCaul,RepMcCaul,Republican Party
Michael Steele,michaelsteele,Republican Party
Michael Webert,MichaelWebert,Republican Party
Michele Reagan,SecretaryReagan,Republican Party
Michelle Park Steel,taxfightersteel,Republican Party
Mick Cornett,MickforGovernor,Republican Party
Mick Mulvaney,mickmulvaneyomb,Republican Party
Mickey Edwards,mickeyedwardsok,Republican Party
Miguel Diaz de la Portilla,flsenator_mdlp,Republican Party
Mike Bishop,RepMikeBishop,Republican Party
Mike Bost,RepBost,Republican Party
Mike Braun,braun4indiana,Republican Party
Mike Braun,SenatorBraun,Republican Party
Mike Coffman,AuroraMayorMike,Republican Party
Mike Coffman,RepMikeCoffman,Republican Party
Mike Conaway,ConawayTX11,Republican Party
Mike Crapo,MikeCrapo,Republican Party
Mike Crapo,crapoforsenate,Republican Party
Mike D. Rogers,RepMikeRogersAL,Republican Party
Mike DeWine,MikeDeWine,Republican Party
Mike Enzi,SenatorEnzi,Republican Party
Mike Fitzpatrick,RepFitzpatrick,Republican Party
Mike Gallagher,RepGallagher,Republican Party
Mike Huckabee,govmikehuckabee,Republican Party
Mike J. Dunleavy,GovDunleavy,Republican Party
Mike Johnson,RepMikeJohnson,Republican Party
Mike Kehoe,Mikelkehoe,Republican Party
Mike Kelly,MikeKellyPA,Republican Party
Mike Lee,SenMikeLee,Republican Party
Mike Miller,Mike_Miller_FL,Republican Party
Mike Pantelides,MayorPantelides,Republican Party
Mike Parson,GovParsonMO,Republican Party
Mike Parson,mikeparson,Republican Party
Mike Pence,mike_pence,Republican Party
Mike Pence,VP,Republican Party
Mike Pompeo,SecPompeo,Republican Party
Mike Rounds,SenatorRounds,Republican Party
Mike Simpson,CongMikeSimpson,Republican Party
Mike Turner,RepMikeTurner,Republican Party
Mike Turzai,RepTurzai,Republican Party
Mimi Miyagi,mimimotivates,Republican Party
Mimi Walters,RepMimiWalters,Republican Party
Mitch Daniels,purduemitch,Republican Party
Mitch McConnell,senatemajldr,Republican Party
Mitch McConnell,McConnellPress,Republican Party
Mitt Romney,MittRomney,Republican Party
Mo Brooks,RepMoBrooks,Republican Party
Morgan Griffith,RepMGriffith,Republican Party
Nan Hayworth,NanHayworth,Republican Party
Nancy Mace,NancyMace,Republican Party
Nathan Deal,GovernorDeal,Republican Party
Neal Dunn,drnealdunnfl2,Republican Party
Neal Dunn,DunnCampaign,Republican Party
Newt Gingrich,newtgingrich,Republican Party
Nick Popaditch,Popaditch,Republican Party
Niger Innis,3568ni,Republican Party
Nikki Haley,nikkihaley,Republican Party
Nino Vitale,VoteVitale,Republican Party
Norm Coleman,normcoleman,Republican Party
Olympia Snowe,SenatorSnowe,Republican Party
Orrin Hatch,OrrinHatch,Republican Party
Pam Bondi,PamBondi,Republican Party
Pat Meehan,RepMeehan,Republican Party
Pat Roberts,SenPatRoberts,Republican Party
Pat Tiberi,PatTiberi,Republican Party
Patrick Joseph Toomey,SenToomey,Republican Party
Patrick McHenry,PatrickMcHenry,Republican Party
Patty Ritchie,senatorritchie,Republican Party
Paul Bettencourt,TeamBettencourt,Republican Party
Paul Cook,RepPaulCook,Republican Party
Paul Gosar,repgosar,Republican Party
Paul Hornback,SenatorHornback,Republican Party
Paul LePage,Governor_LePage,Republican Party
Paul Manafort,PaulManafort,Republican Party
Paul Mitchell,RepPaulMitchell,Republican Party
Paul Ryan,SpeakerRyan,Republican Party
Paul Ten Haken,paultenhaken,Republican Party
Pete Hegseth,PeteHegseth,Republican Party
Pete Hoekstra,petehoekstra,Republican Party
Pete Olson,RepPeteOlson,Republican Party
Pete Ricketts,GovRicketts,Republican Party
Pete Sessions,PeteSessions,Republican Party
Pete Stauber,RepPeteStauber,Republican Party
Pete Stauber,PeteStauber,Republican Party
Peter King,reppeteking,Republican Party
Peter Roskam,peterroskam,Republican Party
Phil Bryant,PhilBryantMS,Republican Party
Phil Roe,DrPhilRoe,Republican Party
Phil Scott,GovPhilScott,Republican Party
Philip E. Berger,SenatorBerger,Republican Party
RaeAnn Kelsch,raekelsch,Republican Party
Ralph Abraham,RepAbraham,Republican Party
Ralph Norman,RepRalphNorman,Republican Party
Rand Paul,RandPaul,Republican Party
Randy Brogdon,RandyBrogdon,Republican Party
Randy Forbes,Randy_Forbes,Republican Party
Randy Hultgren,RepHultgren,Republican Party
Randy Neugebauer,RandyNeugebauer,Republican Party
Randy Weber,TXRandy14,Republican Party
Raúl Labrador,Raul_Labrador,Republican Party
Reggie Bagala,reggiebagala,Republican Party
Reid Ribble,RepRibble,Republican Party
Reince Priebus,Reince,Republican Party
Rene Garcia,senrenegarcia,Republican Party
Renee Ellmers,RepReneeEllmers,Republican Party
Rhonda Keenum,RhondaKeenum,Republican Party
Rich Nugent,RepRichNugent,Republican Party
Richard Bell,DelDickieBell,Republican Party
Richard Corcoran,richardcorcoran,Republican Party
Richard Hudson,RepRichHudson,Republican Party
Richard J. Berry,mayor_berry,Republican Party
Richard L. Hanna,RepRichardHanna,Republican Party
Richard Lugar,senatorlugar,Republican Party
Richard M. Burr,SenatorBurr,Republican Party
Richard Petty,rpmotorsports,Republican Party
Rick Crawford,RepRickCrawford,Republican Party
Rick Perales,RepPerales,Republican Party
Rick Saccone,RickSaccone4PA,Republican Party
Rick Santorum,ricksantorum,Republican Party
Rick Scott,SenRickScott,Republican Party
Rick Snyder,onetoughnerd,Republican Party
Rick W. Allen,reprickallen,Republican Party
Rob Astorino,RobAstorino,Republican Party
Rob Bishop,RepRobBishop,Republican Party
Rob Wittman,RobWittman,Republican Party
Rob Woodall,RepRobWoodall,Republican Party
Robert A. Agresta,robertagresta,Republican Party
Robert Aderholt,Robert_Aderholt,Republican Party
Robert B. Bell,DelRBell,Republican Party
"Robert Bloxom, Jr.",RobBloxom,Republican Party
Robert Hurt,RepRobertHurt,Republican Party
Robert Jones Portman,senrobportman,Republican Party
Robert Jones Portman,robportman,Republican Party
Robert Pittenger,RepPittenger,Republican Party
Robert Stivers,kysenatepres,Republican Party
Rod Blum,RepRodBlum,Republican Party
Rodney Frelinghuysen,USRepRodney,Republican Party
Rodney L. Davis,RodneyDavis,Republican Party
Roger Marshall,RogerMarshallMD,Republican Party
Roger Roth,senatorroth,Republican Party
Roger Wicker,SenatorWicker,Republican Party
Roger Williams,RepRWilliams,Republican Party
Ron DeSantis,RepDeSantis,Republican Party
Ron DeSantis,RonDeSantisFL,Republican Party
Ron Estes,RepRonEstes,Republican Party
Ron Johnson,SenRonJohnson,Republican Party
Ron Wright (politician),RepRonWright,Republican Party
Ronna Romney McDaniel,GOPChairwoman,Republican Party
Ronny Jackson,RonnyJackson4TX,Republican Party
Rosario Marin,rosariomarin1,Republican Party
Ross Spano,RossSpano,Republican Party
Roxann Robinson,DelRRobinson,Republican Party
Roy Blunt,RoyBlunt,Republican Party
Roy Blunt,RoyBluntMO,Republican Party
Roy Moore,MooreSenate,Republican Party
Rudy Giuliani,RudyGiuliani,Republican Party
Russ Fulcher,RussFulcher,Republican Party
Russell Weiner,rj910,Republican Party
Ryan Costello,RepRyanCostello,Republican Party
Ryan Sitton,ryansitton,Republican Party
Ryan Zinke,RepRyanZinke,Republican Party
Sam Brownback,IRF_Ambassador,Republican Party
Sam Graves,RepSamGraves,Republican Party
Sam Johnson,SamsPressShop,Republican Party
Sam Kooiker,standwithsam,Republican Party
Sarah Davis,SarahforHD134,Republican Party
Sarah Palin,SarahPalinUSA,Republican Party
Sarah Sanders,SHSanders45,Republican Party
Saxby Chambliss,SaxbyChambliss,Republican Party
Scott Brown,SenScottBrown,Republican Party
Scott DesJarlais,DesJarlaisTN04,Republican Party
Scott Garrett,RepGarrett,Republican Party
Scott Gottlieb,ScottGottliebMD,Republican Party
Scott Perry,RepScottPerry,Republican Party
Scott Pruitt,EPAScottPruitt,Republican Party
Scott Pruitt,ScottPruittOK,Republican Party
Scott Rigell,RepScottRigell,Republican Party
Scott Taylor,RepScottTaylor,Republican Party
Scott Tipton,RepTipton,Republican Party
Scott Wagner,SenScottWagner,Republican Party
Scott Walker,ScottWalker,Republican Party
Sean Duffy,RepSeanDuffy,Republican Party
Sean Parnell,seanparnellak,Republican Party
Sean Spicer,seanspicer,Republican Party
Sean Spicer,PressSec,Republican Party
Sheila Harrington,RepHarrington,Republican Party
Shelley Moore Capito,SenCapito,Republican Party
Sid Miller,millerfortexas,Republican Party
"Solomon Yue, Jr.",SolomonYue,Republican Party
Spencer Abraham,spencerabraham,Republican Party
Spencer Cox,SpencerJCox,Republican Party
Stanley H. Humphries,kystanhumphries,Republican Party
Stephanie Bice,stephaniebice,Republican Party
Stephen Fincher,RepFincherTN08,Republican Party
Stephen L. Meredith,slmeredithky1,Republican Party
Steve Bannon,StephenBannon,Republican Party
Steve Chabot,RepSteveChabot,Republican Party
Steve Daines,SteveDaines,Republican Party
Steve Forbes,SteveForbesCEO,Republican Party
Steve Gaynor,realSteveGaynor,Republican Party
Steve King,SteveKingIA,Republican Party
Steve Knight,SteveKnight25,Republican Party
Steve Landes,Steve_Landes,Republican Party
Steve Pearce,Pearce4NM,Republican Party
Steve Russell,RepRussell,Republican Party
Steve Scalise,stevescalise,Republican Party
Steve Schmidt,SteveSchmidtSES,Republican Party
Steve Stivers,RepSteveStivers,Republican Party
Steve Toth,Toth_4_Texas,Republican Party
Steve Watkins,Steve4Kansas,Republican Party
Steve Watkins,Rep_Watkins,Republican Party
Steve Womack,Rep_SteveWomack,Republican Party
Steven Matteo,StevenMatteo,Republican Party
Steven Mnuchin,stevenmnuchin1,Republican Party
Steven Palazzo,CongPalazzo,Republican Party
Susan Brooks,SusanWBrooks,Republican Party
Susan Collins,senatorcollins,Republican Party
Susana Martinez,Gov_Martinez,Republican Party
Tate Reeves,tatereeves,Republican Party
Ted Budd,RepTedBudd,Republican Party
Ted Gatsas,MayorTedGatsas,Republican Party
Ted Gatsas,Gatsas4Governor,Republican Party
Ted Howze,Ted_Howze,Republican Party
Ted Poe,JudgeTedPoe,Republican Party
Ted Vogt,VogtForArizona,Republican Party
Ted Yoho,RepTedYoho,Republican Party
Terry Austin,TerryAustin4HOD,Republican Party
Terry Branstad,terrybranstad,Republican Party
Terry Kilgore,delterrykilgore,Republican Party
Thom Tillis,SenThomTillis,Republican Party
"Thomas Garrett, Jr.",Rep_Tom_Garrett,Republican Party
"Thomas J. Barrack, Jr.",tombarrackjr,Republican Party
Thomas Massie,RepThomasMassie,Republican Party
Tim Burchett,timburchett,Republican Party
Tim Burchett,RepTimBurchett,Republican Party
Tim Donnelly,PatriotNotPol,Republican Party
Tim Huelskamp,CongHuelskamp,Republican Party
Tim Hugo,TimHugo,Republican Party
Tim Pawlenty,TimPawlenty,Republican Party
Tim Scott,SenatorTimScott,Republican Party
Tim Walberg,RepWalberg,Republican Party
Timothy F. Murphy,RepTimMurphy,Republican Party
Tina Pickett,reppickett,Republican Party
Todd Gilbert,cToddGilbert,Republican Party
Todd Pillion,DelTPillion,Republican Party
Todd Rokita,ToddRokitaIN,Republican Party
Todd Young,ToddYoungIN,Republican Party
Todd Young,SenToddYoung,Republican Party
Tom Berryhill,TomBerryhill,Republican Party
Tom Brinkman,GoBrinkman,Republican Party
Tom Cole,TomColeOK04,Republican Party
Tom Cotton,sentomcotton,Republican Party
Tom Cotton,TomCottonAR,Republican Party
Tom Del Beccaro,tomdelbeccaro,Republican Party
Tom Graves,RepTomGraves,Republican Party
Tom Leonard,TomLeonard28,Republican Party
Tom Leppert,TomLeppert,Republican Party
Tom MacArthur,RepTomMacArthur,Republican Party
Tom Marino,RepTomMarino,Republican Party
Tom McClintock,RepMcClintock,Republican Party
Tom Price,RepTomPrice,Republican Party
Tom Price,SecPriceMD,Republican Party
Tom Reed,RepTomReed,Republican Party
Tom Rice,RepTomRice,Republican Party
Tom Rooney,TomRooney,Republican Party
Tom Tancredo,ttancredo,Republican Party
Tommy Tuberville,TTuberville,Republican Party
Tommy Williams,TexansForTommy,Republican Party
Tony Tata,ajtata,Republican Party
Tony Wilt,DelTonyWilt,Republican Party
Travis Allen,JoinTravisAllen,Republican Party
Trent Franks,RepTrentFranks,Republican Party
Trent Kelly,reptrentkelly,Republican Party
Trey Gowdy,TGowdySC,Republican Party
Trey Hollingsworth,reptrey,Republican Party
Trey Hollingsworth,VoteForTrey,Republican Party
Troy Balderson,RepBalderson,Republican Party
Troy Nehls,SheriffTNehls,Republican Party
Troy Nehls,TroyNehls,Republican Party
Van Taylor,RepVanTaylor,Republican Party
Van Taylor,VanTaylorTX,Republican Party
Vern Buchanan,VernBuchanan,Republican Party
Vicky Hartzler,RepHartzler,Republican Party
Victoria Seaman,VictoriaDseaman,Republican Party
Virginia Foxx,VirginiaFoxx,Republican Party
Warren Davidson,RepWDavidson,Republican Party
Wayne Allyn Root,RealWayneRoot,Republican Party
Wil Schroder,WilSchroder,Republican Party
Will Hurd,hurdonthehill,Republican Party
Will Hurd,WillHurd,Republican Party
Will W. Weatherford,willweatherford,Republican Party
William Timmons,RepTimmons,Republican Party
William Timmons,votetimmons,Republican Party
Young Kim,YoungKimCD39,Republican Party
Yvette Herrell,yvette4congress,Republican Party
